point score,avg_overall,avg_potential,label
526.0,0.36363636363635976,0.4848484848484844,1
-526.0,-0.36363636363635976,-0.4848484848484844,0
3.0,-1.787878787878796,-1.242424242424235,1
-3.0,1.787878787878796,1.242424242424235,0
213.0,-0.7272727272727337,-0.8787878787878753,1
-213.0,0.7272727272727337,0.8787878787878753,0
220.0,-0.7575757575757649,-0.09090909090909349,1
-220.0,0.7575757575757649,0.09090909090909349,0
220.0,10.888528138528137,10.330086580086586,1
-220.0,-10.888528138528137,-10.330086580086586,0
254.0,0.7878787878787818,2.0606060606060623,1
-254.0,-0.7878787878787818,-2.0606060606060623,0
250.0,-0.030303030303031164,1.1515151515151558,1
-250.0,0.030303030303031164,-1.1515151515151558,0
383.0,0.4242424242424221,2.3030303030303116,1
-383.0,-0.4242424242424221,-2.3030303030303116,0
291.0,3.133919843597255,4.603128054740964,1
-291.0,-3.133919843597255,-4.603128054740964,0
792.0,3.133919843597255,4.603128054740964,1
-792.0,-3.133919843597255,-4.603128054740964,0
287.0,4.355276907001041,6.1170323928944725,1
-287.0,-4.355276907001041,-6.1170323928944725,0
377.0,5.617790811339191,6.699902248289348,1
-377.0,-5.617790811339191,-6.699902248289348,0
310.0,6.969696969696969,8.363636363636374,1
-310.0,-6.969696969696969,-8.363636363636374,0
389.0,3.8787878787878753,5.333333333333343,1
-389.0,-3.8787878787878753,-5.333333333333343,0
355.0,4.357575757575759,6.218181818181819,1
-355.0,-4.357575757575759,-6.218181818181819,0
328.0,4.0,6.393939393939405,1
-328.0,-4.0,-6.393939393939405,0
364.0,2.861742424242422,3.557765151515156,1
-364.0,-2.861742424242422,-3.557765151515156,0
444.0,8.531385281385283,10.080086580086586,1
-444.0,-8.531385281385283,-10.080086580086586,0
361.0,3.955492424242422,4.432765151515156,1
-361.0,-3.955492424242422,-4.432765151515156,0
487.0,4.767992424242422,6.620265151515156,1
-487.0,-4.767992424242422,-6.620265151515156,0
468.0,4.515151515151516,3.2424242424242493,1
-468.0,-4.515151515151516,-3.2424242424242493,0
417.0,7.157575757575756,7.9181818181818215,1
-417.0,-7.157575757575756,-7.9181818181818215,0
503.0,2.1984359726295253,4.216031280547412,1
-503.0,-2.1984359726295253,-4.216031280547412,0
457.0,3.7456709956709915,4.758658008658017,1
-457.0,-3.7456709956709915,-4.758658008658017,0
446.0,7.575757575757578,8.666666666666671,1
-446.0,-7.575757575757578,-8.666666666666671,0
526.0,6.611742424242422,3.026515151515156,1
-526.0,-6.611742424242422,-3.026515151515156,0
501.0,6.181818181818173,6.303030303030312,1
-501.0,-6.181818181818173,-6.303030303030312,0
600.0,7.0909090909090935,7.984848484848484,1
-600.0,-7.0909090909090935,-7.984848484848484,0
631.0,4.024242424242416,5.651515151515156,1
-631.0,-4.024242424242416,-5.651515151515156,0
-523.0,-2.151515151515156,-1.7272727272727195,0
523.0,2.151515151515156,1.7272727272727195,1
-313.0,-1.0909090909090935,-1.3636363636363598,0
313.0,1.0909090909090935,1.3636363636363598,1
-306.0,-1.1212121212121247,-0.5757575757575779,0
306.0,1.1212121212121247,0.5757575757575779,1
-306.0,10.524891774891778,9.845238095238102,0
306.0,-10.524891774891778,-9.845238095238102,1
-272.0,0.4242424242424221,1.575757575757578,0
272.0,-0.4242424242424221,-1.575757575757578,1
-276.0,-0.3939393939393909,0.6666666666666714,0
276.0,0.3939393939393909,-0.6666666666666714,1
-143.0,0.06060606060606233,1.8181818181818272,0
143.0,-0.06060606060606233,-1.8181818181818272,1
-235.0,2.770283479960895,4.118279569892479,0
235.0,-2.770283479960895,-4.118279569892479,1
266.0,2.770283479960895,4.118279569892479,1
-266.0,-2.770283479960895,-4.118279569892479,0
-239.0,3.9916405433646815,5.632183908045988,0
239.0,-3.9916405433646815,-5.632183908045988,1
-149.0,5.254154447702831,6.215053763440864,0
149.0,-5.254154447702831,-6.215053763440864,1
-216.0,6.606060606060609,7.8787878787878896,0
216.0,-6.606060606060609,-7.8787878787878896,1
-137.0,3.5151515151515156,4.848484848484858,0
137.0,-3.5151515151515156,-4.848484848484858,1
-171.0,3.9939393939393995,5.733333333333334,0
171.0,-3.9939393939393995,-5.733333333333334,1
-198.0,3.6363636363636402,5.909090909090921,0
198.0,-3.6363636363636402,-5.909090909090921,1
-162.0,2.4981060606060623,3.0729166666666714,0
162.0,-2.4981060606060623,-3.0729166666666714,1
-82.0,8.167748917748924,9.595238095238102,0
82.0,-8.167748917748924,-9.595238095238102,1
-165.0,3.5918560606060623,3.9479166666666714,0
165.0,-3.5918560606060623,-3.9479166666666714,1
-39.0,4.404356060606062,6.135416666666671,0
39.0,-4.404356060606062,-6.135416666666671,1
-58.0,4.151515151515156,2.757575757575765,0
58.0,-4.151515151515156,-2.757575757575765,1
-109.0,6.793939393939397,7.433333333333337,0
109.0,-6.793939393939397,-7.433333333333337,1
-23.0,1.8347996089931655,3.7311827956989276,0
23.0,-1.8347996089931655,-3.7311827956989276,1
-69.0,3.3820346320346317,4.273809523809533,0
69.0,-3.3820346320346317,-4.273809523809533,1
-80.0,7.212121212121218,8.181818181818187,0
80.0,-7.212121212121218,-8.181818181818187,1
0.0,6.248106060606062,2.5416666666666714,0
0.0,-6.248106060606062,-2.5416666666666714,1
-25.0,5.818181818181813,5.818181818181827,0
25.0,-5.818181818181813,-5.818181818181827,1
74.0,6.727272727272734,7.5,1
-74.0,-6.727272727272734,-7.5,0
105.0,3.6606060606060566,5.166666666666671,1
-105.0,-3.6606060606060566,-5.166666666666671,0
210.0,1.0606060606060623,0.36363636363635976,1
-210.0,-1.0606060606060623,-0.36363636363635976,0
217.0,1.0303030303030312,1.1515151515151416,1
-217.0,-1.0303030303030312,-1.1515151515151416,0
217.0,12.676406926406933,11.572510822510822,1
-217.0,-12.676406926406933,-11.572510822510822,0
251.0,2.575757575757578,3.3030303030302974,1
-251.0,-2.575757575757578,-3.3030303030302974,0
247.0,1.757575757575765,2.393939393939391,1
-247.0,-1.757575757575765,-2.393939393939391,0
380.0,2.212121212121218,3.5454545454545467,1
-380.0,-2.212121212121218,-3.5454545454545467,0
288.0,4.921798631476051,5.845552297165199,1
-288.0,-4.921798631476051,-5.845552297165199,0
789.0,4.921798631476051,5.845552297165199,1
-789.0,-4.921798631476051,-5.845552297165199,0
284.0,6.143155694879837,7.359456635318708,1
-284.0,-6.143155694879837,-7.359456635318708,0
374.0,7.405669599217987,7.942326490713583,1
-374.0,-7.405669599217987,-7.942326490713583,0
307.0,8.757575757575765,9.606060606060609,1
-307.0,-8.757575757575765,-9.606060606060609,0
386.0,5.666666666666671,6.575757575757578,1
-386.0,-5.666666666666671,-6.575757575757578,0
352.0,6.145454545454555,7.460606060606054,1
-352.0,-6.145454545454555,-7.460606060606054,0
325.0,5.787878787878796,7.63636363636364,1
-325.0,-5.787878787878796,-7.63636363636364,0
361.0,4.649621212121218,4.800189393939391,1
-361.0,-4.649621212121218,-4.800189393939391,0
441.0,10.31926406926408,11.322510822510822,1
-441.0,-10.31926406926408,-11.322510822510822,0
358.0,5.743371212121218,5.675189393939391,1
-358.0,-5.743371212121218,-5.675189393939391,0
484.0,6.555871212121218,7.862689393939391,1
-484.0,-6.555871212121218,-7.862689393939391,0
465.0,6.303030303030312,4.484848484848484,1
-465.0,-6.303030303030312,-4.484848484848484,0
414.0,8.945454545454552,9.160606060606057,1
-414.0,-8.945454545454552,-9.160606060606057,0
500.0,3.9863147605083213,5.458455522971647,1
-500.0,-3.9863147605083213,-5.458455522971647,0
454.0,5.5335497835497875,6.001082251082252,1
-454.0,-5.5335497835497875,-6.001082251082252,0
443.0,9.363636363636374,9.909090909090907,1
-443.0,-9.363636363636374,-9.909090909090907,0
523.0,8.399621212121218,4.268939393939391,1
-523.0,-8.399621212121218,-4.268939393939391,0
498.0,7.969696969696969,7.545454545454547,1
-498.0,-7.969696969696969,-7.545454545454547,0
597.0,8.87878787878789,9.22727272727272,1
-597.0,-8.87878787878789,-9.22727272727272,0
628.0,5.8121212121212125,6.893939393939391,1
-628.0,-5.8121212121212125,-6.893939393939391,0
7.0,-0.030303030303031164,0.7878787878787818,1
-7.0,0.030303030303031164,-0.7878787878787818,0
7.0,11.615800865800871,11.208874458874462,1
-7.0,-11.615800865800871,-11.208874458874462,0
41.0,1.5151515151515156,2.9393939393939377,1
-41.0,-1.5151515151515156,-2.9393939393939377,0
37.0,0.6969696969697026,2.030303030303031,1
-37.0,-0.6969696969697026,-2.030303030303031,0
170.0,1.1515151515151558,3.181818181818187,1
-170.0,-1.1515151515151558,-3.181818181818187,0
78.0,3.8611925708699886,5.481915933528839,1
-78.0,-3.8611925708699886,-5.481915933528839,0
579.0,3.8611925708699886,5.481915933528839,1
-579.0,-3.8611925708699886,-5.481915933528839,0
74.0,5.082549634273775,6.995820271682348,1
-74.0,-5.082549634273775,-6.995820271682348,0
164.0,6.3450635386119245,7.578690127077223,1
-164.0,-6.3450635386119245,-7.578690127077223,0
97.0,7.696969696969703,9.24242424242425,1
-97.0,-7.696969696969703,-9.24242424242425,0
176.0,4.606060606060609,6.212121212121218,1
-176.0,-4.606060606060609,-6.212121212121218,0
142.0,5.084848484848493,7.096969696969694,1
-142.0,-5.084848484848493,-7.096969696969694,0
115.0,4.727272727272734,7.2727272727272805,1
-115.0,-4.727272727272734,-7.2727272727272805,0
151.0,3.589015151515156,4.436553030303031,1
-151.0,-3.589015151515156,-4.436553030303031,0
231.0,9.258658008658017,10.958874458874462,1
-231.0,-9.258658008658017,-10.958874458874462,0
148.0,4.682765151515156,5.311553030303031,1
-148.0,-4.682765151515156,-5.311553030303031,0
274.0,5.495265151515156,7.499053030303031,1
-274.0,-5.495265151515156,-7.499053030303031,0
255.0,5.242424242424249,4.121212121212125,1
-255.0,-5.242424242424249,-4.121212121212125,0
204.0,7.88484848484849,8.796969696969697,1
-204.0,-7.88484848484849,-8.796969696969697,0
290.0,2.925708699902259,5.094819159335287,1
-290.0,-2.925708699902259,-5.094819159335287,0
244.0,4.472943722943725,5.637445887445892,1
-244.0,-4.472943722943725,-5.637445887445892,0
233.0,8.303030303030312,9.545454545454547,1
-233.0,-8.303030303030312,-9.545454545454547,0
313.0,7.339015151515156,3.905303030303031,1
-313.0,-7.339015151515156,-3.905303030303031,0
288.0,6.9090909090909065,7.181818181818187,1
-288.0,-6.9090909090909065,-7.181818181818187,0
387.0,7.818181818181827,8.86363636363636,1
-387.0,-7.818181818181827,-8.86363636363636,0
418.0,4.75151515151515,6.530303030303031,1
-418.0,-4.75151515151515,-6.530303030303031,0
0.0,11.646103896103902,10.42099567099568,0
0.0,-11.646103896103902,-10.42099567099568,1
34.0,1.5454545454545467,2.151515151515156,1
-34.0,-1.5454545454545467,-2.151515151515156,0
30.0,0.7272727272727337,1.2424242424242493,1
-30.0,-0.7272727272727337,-1.2424242424242493,0
163.0,1.181818181818187,2.393939393939405,1
-163.0,-1.181818181818187,-2.393939393939405,0
71.0,3.8914956011730197,4.694037145650057,1
-71.0,-3.8914956011730197,-4.694037145650057,0
572.0,3.8914956011730197,4.694037145650057,1
-572.0,-3.8914956011730197,-4.694037145650057,0
67.0,5.112852664576806,6.207941483803566,1
-67.0,-5.112852664576806,-6.207941483803566,0
157.0,6.375366568914956,6.7908113391984415,1
-157.0,-6.375366568914956,-6.7908113391984415,0
90.0,7.727272727272734,8.454545454545467,1
-90.0,-7.727272727272734,-8.454545454545467,0
169.0,4.63636363636364,5.424242424242436,1
-169.0,-4.63636363636364,-5.424242424242436,0
135.0,5.115151515151524,6.309090909090912,1
-135.0,-5.115151515151524,-6.309090909090912,0
108.0,4.757575757575765,6.484848484848499,1
-108.0,-4.757575757575765,-6.484848484848499,0
144.0,3.619318181818187,3.6486742424242493,1
-144.0,-3.619318181818187,-3.6486742424242493,0
224.0,9.288961038961048,10.17099567099568,1
-224.0,-9.288961038961048,-10.17099567099568,0
141.0,4.713068181818187,4.523674242424249,1
-141.0,-4.713068181818187,-4.523674242424249,0
267.0,5.525568181818187,6.711174242424249,1
-267.0,-5.525568181818187,-6.711174242424249,0
248.0,5.2727272727272805,3.333333333333343,1
-248.0,-5.2727272727272805,-3.333333333333343,0
197.0,7.915151515151521,8.009090909090915,1
-197.0,-7.915151515151521,-8.009090909090915,0
283.0,2.95601173020529,4.3069403714565055,1
-283.0,-2.95601173020529,-4.3069403714565055,0
237.0,4.503246753246756,4.8495670995671105,1
-237.0,-4.503246753246756,-4.8495670995671105,0
226.0,8.333333333333343,8.757575757575765,1
-226.0,-8.333333333333343,-8.757575757575765,0
306.0,7.369318181818187,3.1174242424242493,1
-306.0,-7.369318181818187,-3.1174242424242493,0
281.0,6.939393939393938,6.393939393939405,1
-281.0,-6.939393939393938,-6.393939393939405,0
380.0,7.848484848484858,8.075757575757578,1
-380.0,-7.848484848484858,-8.075757575757578,0
411.0,4.781818181818181,5.742424242424249,1
-411.0,-4.781818181818181,-5.742424242424249,0
34.0,-10.100649350649356,-8.269480519480524,1
-34.0,10.100649350649356,8.269480519480524,0
30.0,-10.918831168831169,-9.17857142857143,1
-30.0,10.918831168831169,9.17857142857143,0
163.0,-10.464285714285715,-8.027056277056275,1
-163.0,10.464285714285715,8.027056277056275,0
71.0,-7.7546082949308826,-5.726958525345623,1
-71.0,7.7546082949308826,5.726958525345623,0
572.0,-7.7546082949308826,-5.726958525345623,1
-572.0,7.7546082949308826,5.726958525345623,0
67.0,-6.533251231527096,-4.213054187192114,1
-67.0,6.533251231527096,4.213054187192114,0
157.0,-5.270737327188947,-3.6301843317972384,1
-157.0,5.270737327188947,3.6301843317972384,0
90.0,-3.9188311688311686,-1.9664502164502125,1
-90.0,3.9188311688311686,1.9664502164502125,0
169.0,-7.009740259740262,-4.996753246753244,1
-169.0,7.009740259740262,4.996753246753244,0
135.0,-6.530952380952378,-4.111904761904768,1
-135.0,6.530952380952378,4.111904761904768,0
108.0,-6.888528138528137,-3.9361471861471813,1
-108.0,6.888528138528137,3.9361471861471813,0
144.0,-8.026785714285715,-6.772321428571431,1
-144.0,8.026785714285715,6.772321428571431,0
224.0,-2.357142857142854,-0.25,1
-224.0,2.357142857142854,0.25,0
141.0,-6.933035714285715,-5.897321428571431,1
-141.0,6.933035714285715,5.897321428571431,0
267.0,-6.120535714285715,-3.7098214285714306,1
-267.0,6.120535714285715,3.7098214285714306,0
248.0,-6.373376623376622,-7.087662337662337,1
-248.0,6.373376623376622,7.087662337662337,0
197.0,-3.730952380952381,-2.411904761904765,1
-197.0,3.730952380952381,2.411904761904765,0
283.0,-8.690092165898612,-6.114055299539174,1
-283.0,8.690092165898612,6.114055299539174,0
237.0,-7.142857142857146,-5.571428571428569,1
-237.0,7.142857142857146,5.571428571428569,0
226.0,-3.3127705627705595,-1.663419913419915,1
-226.0,3.3127705627705595,1.663419913419915,0
306.0,-4.276785714285715,-7.303571428571431,1
-306.0,4.276785714285715,7.303571428571431,0
281.0,-4.706709956709965,-4.027056277056275,1
-281.0,4.706709956709965,4.027056277056275,0
380.0,-3.797619047619044,-2.345238095238102,1
-380.0,3.797619047619044,2.345238095238102,0
411.0,-6.864285714285721,-4.678571428571431,1
-411.0,6.864285714285721,4.678571428571431,0
-4.0,-0.818181818181813,-0.9090909090909065,0
4.0,0.818181818181813,0.9090909090909065,1
129.0,-0.36363636363635976,0.24242424242424931,1
-129.0,0.36363636363635976,-0.24242424242424931,0
37.0,2.346041055718473,2.5425219941349013,1
-37.0,-2.346041055718473,-2.5425219941349013,0
538.0,2.346041055718473,2.5425219941349013,1
-538.0,-2.346041055718473,-2.5425219941349013,0
33.0,3.5673981191222595,4.05642633228841,1
-33.0,-3.5673981191222595,-4.05642633228841,0
123.0,4.829912023460409,4.639296187683286,1
-123.0,-4.829912023460409,-4.639296187683286,0
56.0,6.181818181818187,6.303030303030312,1
-56.0,-6.181818181818187,-6.303030303030312,0
135.0,3.0909090909090935,3.2727272727272805,1
-135.0,-3.0909090909090935,-3.2727272727272805,0
101.0,3.5696969696969774,4.157575757575756,1
-101.0,-3.5696969696969774,-4.157575757575756,0
74.0,3.212121212121218,4.333333333333343,1
-74.0,-3.212121212121218,-4.333333333333343,0
110.0,2.0738636363636402,1.4971590909090935,1
-110.0,-2.0738636363636402,-1.4971590909090935,0
190.0,7.743506493506501,8.019480519480524,1
-190.0,-7.743506493506501,-8.019480519480524,0
107.0,3.1676136363636402,2.3721590909090935,1
-107.0,-3.1676136363636402,-2.3721590909090935,0
233.0,3.9801136363636402,4.5596590909090935,1
-233.0,-3.9801136363636402,-4.5596590909090935,0
214.0,3.7272727272727337,1.181818181818187,1
-214.0,-3.7272727272727337,-1.181818181818187,0
163.0,6.3696969696969745,5.857575757575759,1
-163.0,-6.3696969696969745,-5.857575757575759,0
249.0,1.4105571847507434,2.1554252199413497,1
-249.0,-1.4105571847507434,-2.1554252199413497,0
203.0,2.9577922077922096,2.6980519480519547,1
-203.0,-2.9577922077922096,-2.6980519480519547,0
192.0,6.787878787878796,6.606060606060609,1
-192.0,-6.787878787878796,-6.606060606060609,0
272.0,5.82386363636364,0.9659090909090935,1
-272.0,-5.82386363636364,-0.9659090909090935,0
247.0,5.393939393939391,4.242424242424249,1
-247.0,-5.393939393939391,-4.242424242424249,0
346.0,6.303030303030312,5.924242424242422,1
-346.0,-6.303030303030312,-5.924242424242422,0
377.0,3.2363636363636346,3.5909090909090935,1
-377.0,-3.2363636363636346,-3.5909090909090935,0
133.0,0.45454545454545325,1.1515151515151558,1
-133.0,-0.45454545454545325,-1.1515151515151558,0
41.0,3.164222873900286,3.451612903225808,1
-41.0,-3.164222873900286,-3.451612903225808,0
542.0,3.164222873900286,3.451612903225808,1
-542.0,-3.164222873900286,-3.451612903225808,0
37.0,4.3855799373040725,4.965517241379317,1
-37.0,-4.3855799373040725,-4.965517241379317,0
127.0,5.648093841642222,5.548387096774192,1
-127.0,-5.648093841642222,-5.548387096774192,0
60.0,7.0,7.212121212121218,1
-60.0,-7.0,-7.212121212121218,0
139.0,3.9090909090909065,4.181818181818187,1
-139.0,-3.9090909090909065,-4.181818181818187,0
105.0,4.38787878787879,5.066666666666663,1
-105.0,-4.38787878787879,-5.066666666666663,0
78.0,4.030303030303031,5.242424242424249,1
-78.0,-4.030303030303031,-5.242424242424249,0
114.0,2.8920454545454533,2.40625,1
-114.0,-2.8920454545454533,-2.40625,0
194.0,8.561688311688314,8.92857142857143,1
-194.0,-8.561688311688314,-8.92857142857143,0
111.0,3.9857954545454533,3.28125,1
-111.0,-3.9857954545454533,-3.28125,0
237.0,4.798295454545453,5.46875,1
-237.0,-4.798295454545453,-5.46875,0
218.0,4.545454545454547,2.0909090909090935,1
-218.0,-4.545454545454547,-2.0909090909090935,0
167.0,7.1878787878787875,6.766666666666666,1
-167.0,-7.1878787878787875,-6.766666666666666,0
253.0,2.2287390029325564,3.0645161290322562,1
-253.0,-2.2287390029325564,-3.0645161290322562,0
207.0,3.7759740259740227,3.607142857142861,1
-207.0,-3.7759740259740227,-3.607142857142861,0
196.0,7.606060606060609,7.515151515151516,1
-196.0,-7.606060606060609,-7.515151515151516,0
276.0,6.642045454545453,1.875,1
-276.0,-6.642045454545453,-1.875,0
251.0,6.212121212121204,5.151515151515156,1
-251.0,-6.212121212121204,-5.151515151515156,0
350.0,7.121212121212125,6.833333333333329,1
-350.0,-7.121212121212125,-6.833333333333329,0
381.0,4.054545454545448,4.5,1
-381.0,-4.054545454545448,-4.5,0
-92.0,2.7096774193548328,2.300097751710652,0
92.0,-2.7096774193548328,-2.300097751710652,1
409.0,2.7096774193548328,2.300097751710652,1
-409.0,-2.7096774193548328,-2.300097751710652,0
-96.0,3.931034482758619,3.814002089864161,0
96.0,-3.931034482758619,-3.814002089864161,1
-6.0,5.193548387096769,4.396871945259036,0
6.0,-5.193548387096769,-4.396871945259036,1
-73.0,6.545454545454547,6.060606060606062,0
73.0,-6.545454545454547,-6.060606060606062,1
6.0,3.4545454545454533,3.030303030303031,1
-6.0,-3.4545454545454533,-3.030303030303031,0
-28.0,3.933333333333337,3.915151515151507,0
28.0,-3.933333333333337,-3.915151515151507,1
-55.0,3.575757575757578,4.0909090909090935,0
55.0,-3.575757575757578,-4.0909090909090935,1
-19.0,2.4375,1.2547348484848442,0
19.0,-2.4375,-1.2547348484848442,1
61.0,8.107142857142861,7.777056277056275,1
-61.0,-8.107142857142861,-7.777056277056275,0
-22.0,3.53125,2.129734848484844,0
22.0,-3.53125,-2.129734848484844,1
104.0,4.34375,4.317234848484844,1
-104.0,-4.34375,-4.317234848484844,0
85.0,4.0909090909090935,0.9393939393939377,1
-85.0,-4.0909090909090935,-0.9393939393939377,0
34.0,6.733333333333334,5.61515151515151,1
-34.0,-6.733333333333334,-5.61515151515151,0
120.0,1.7741935483871032,1.9130009775171004,1
-120.0,-1.7741935483871032,-1.9130009775171004,0
74.0,3.3214285714285694,2.4556277056277054,1
-74.0,-3.3214285714285694,-2.4556277056277054,0
63.0,7.151515151515156,6.36363636363636,1
-63.0,-7.151515151515156,-6.36363636363636,0
143.0,6.1875,0.7234848484848442,1
-143.0,-6.1875,-0.7234848484848442,0
118.0,5.757575757575751,4.0,1
-118.0,-5.757575757575751,-4.0,0
217.0,6.666666666666671,5.681818181818173,1
-217.0,-6.666666666666671,-5.681818181818173,0
248.0,3.5999999999999943,3.348484848484844,1
-248.0,-3.5999999999999943,-3.348484848484844,0
501.0,0.0,0.0,1
-501.0,0.0,0.0,0
-4.0,1.2213570634037865,1.5139043381535089,0
4.0,-1.2213570634037865,-1.5139043381535089,1
86.0,2.483870967741936,2.0967741935483843,1
-86.0,-2.483870967741936,-2.0967741935483843,0
19.0,3.835777126099714,3.7605083088954103,1
-19.0,-3.835777126099714,-3.7605083088954103,0
98.0,0.7448680351906205,0.7302052785923792,1
-98.0,-0.7448680351906205,-0.7302052785923792,0
64.0,1.2236559139785044,1.615053763440855,1
-64.0,-1.2236559139785044,-1.615053763440855,0
37.0,0.8660801564027452,1.7908113391984415,1
-37.0,-0.8660801564027452,-1.7908113391984415,0
73.0,-0.27217741935483275,-1.0453629032258078,1
-73.0,0.27217741935483275,1.0453629032258078,0
153.0,5.3974654377880285,5.476958525345623,1
-153.0,-5.3974654377880285,-5.476958525345623,0
70.0,0.8215725806451672,-0.17036290322580783,1
-70.0,-0.8215725806451672,0.17036290322580783,0
196.0,1.6340725806451672,2.017137096774192,1
-196.0,-1.6340725806451672,-2.017137096774192,0
177.0,1.3812316715542607,-1.3607038123167143,1
-177.0,-1.3812316715542607,1.3607038123167143,0
126.0,4.0236559139785015,3.315053763440858,1
-126.0,-4.0236559139785015,-3.315053763440858,0
212.0,-0.9354838709677296,-0.3870967741935516,1
-212.0,0.9354838709677296,0.3870967741935516,0
166.0,0.6117511520737366,0.15552995391705338,1
-166.0,-0.6117511520737366,-0.15552995391705338,0
155.0,4.441837732160323,4.063538611925708,1
-155.0,-4.441837732160323,-4.063538611925708,0
235.0,3.4778225806451672,-1.5766129032258078,1
-235.0,-3.4778225806451672,1.5766129032258078,0
210.0,3.047898338220918,1.699902248289348,1
-210.0,-3.047898338220918,-1.699902248289348,0
309.0,3.9569892473118387,3.3817204301075208,1
-309.0,-3.9569892473118387,-3.3817204301075208,0
340.0,0.8903225806451616,1.0483870967741922,1
-340.0,-0.8903225806451616,-1.0483870967741922,0
-505.0,1.2213570634037865,1.5139043381535089,0
505.0,-1.2213570634037865,-1.5139043381535089,1
-415.0,2.483870967741936,2.0967741935483843,0
415.0,-2.483870967741936,-2.0967741935483843,1
-482.0,3.835777126099714,3.7605083088954103,0
482.0,-3.835777126099714,-3.7605083088954103,1
-403.0,0.7448680351906205,0.7302052785923792,0
403.0,-0.7448680351906205,-0.7302052785923792,1
-437.0,1.2236559139785044,1.615053763440855,0
437.0,-1.2236559139785044,-1.615053763440855,1
-464.0,0.8660801564027452,1.7908113391984415,0
464.0,-0.8660801564027452,-1.7908113391984415,1
-428.0,-0.27217741935483275,-1.0453629032258078,0
428.0,0.27217741935483275,1.0453629032258078,1
-348.0,5.3974654377880285,5.476958525345623,0
348.0,-5.3974654377880285,-5.476958525345623,1
-431.0,0.8215725806451672,-0.17036290322580783,0
431.0,-0.8215725806451672,0.17036290322580783,1
-305.0,1.6340725806451672,2.017137096774192,0
305.0,-1.6340725806451672,-2.017137096774192,1
-324.0,1.3812316715542607,-1.3607038123167143,0
324.0,-1.3812316715542607,1.3607038123167143,1
-375.0,4.0236559139785015,3.315053763440858,0
375.0,-4.0236559139785015,-3.315053763440858,1
-289.0,-0.9354838709677296,-0.3870967741935516,0
289.0,0.9354838709677296,0.3870967741935516,1
-335.0,0.6117511520737366,0.15552995391705338,0
335.0,-0.6117511520737366,-0.15552995391705338,1
-346.0,4.441837732160323,4.063538611925708,0
346.0,-4.441837732160323,-4.063538611925708,1
-266.0,3.4778225806451672,-1.5766129032258078,0
266.0,-3.4778225806451672,1.5766129032258078,1
-291.0,3.047898338220918,1.699902248289348,0
291.0,-3.047898338220918,-1.699902248289348,1
-192.0,3.9569892473118387,3.3817204301075208,0
192.0,-3.9569892473118387,-3.3817204301075208,1
-161.0,0.8903225806451616,1.0483870967741922,0
161.0,-0.8903225806451616,-1.0483870967741922,1
90.0,1.2625139043381495,0.5828698553948755,1
-90.0,-1.2625139043381495,-0.5828698553948755,0
23.0,2.6144200626959275,2.2466039707419014,1
-23.0,-2.6144200626959275,-2.2466039707419014,0
102.0,-0.47648902821316597,-0.7836990595611297,1
-102.0,0.47648902821316597,0.7836990595611297,0
68.0,0.0022988505747179033,0.10114942528734616,1
-68.0,-0.0022988505747179033,-0.10114942528734616,0
41.0,-0.3552769070010413,0.2769070010449326,1
-41.0,0.3552769070010413,-0.2769070010449326,0
77.0,-1.4935344827586192,-2.5592672413793167,1
-77.0,1.4935344827586192,2.5592672413793167,0
157.0,4.176108374384242,3.963054187192114,1
-157.0,-4.176108374384242,-3.963054187192114,0
74.0,-0.3997844827586192,-1.6842672413793167,1
-74.0,0.3997844827586192,1.6842672413793167,0
200.0,0.4127155172413808,0.5032327586206833,1
-200.0,-0.4127155172413808,-0.5032327586206833,0
181.0,0.15987460815047427,-2.8746081504702232,1
-181.0,-0.15987460815047427,2.8746081504702232,0
130.0,2.802298850574715,1.801149425287349,1
-130.0,-2.802298850574715,-1.801149425287349,0
216.0,-2.156840934371516,-1.9010011123470605,1
-216.0,2.156840934371516,1.9010011123470605,0
170.0,-0.6096059113300498,-1.3583743842364555,1
-170.0,0.6096059113300498,1.3583743842364555,0
159.0,3.2204806687565366,2.549634273772199,1
-159.0,-3.2204806687565366,-2.549634273772199,0
239.0,2.256465517241381,-3.0905172413793167,1
-239.0,-2.256465517241381,3.0905172413793167,0
214.0,1.8265412748171315,0.1859979101358391,1
-214.0,-1.8265412748171315,-0.1859979101358391,0
313.0,2.735632183908052,1.8678160919540119,1
-313.0,-2.735632183908052,-1.8678160919540119,0
344.0,-0.3310344827586249,-0.4655172413793167,1
-344.0,0.3310344827586249,0.4655172413793167,0
-67.0,1.351906158357778,1.663734115347026,0
67.0,-1.351906158357778,-1.663734115347026,1
12.0,-1.7390029325513154,-1.3665689149560052,1
-12.0,1.7390029325513154,1.3665689149560052,0
-22.0,-1.2602150537634316,-0.4817204301075293,0
22.0,1.2602150537634316,0.4817204301075293,1
-49.0,-1.6177908113391908,-0.30596285434994286,0
49.0,1.6177908113391908,0.30596285434994286,1
-13.0,-2.7560483870967687,-3.142137096774192,0
13.0,2.7560483870967687,3.142137096774192,1
67.0,2.9135944700460925,3.3801843317972384,1
-67.0,-2.9135944700460925,-3.3801843317972384,0
-16.0,-1.6622983870967687,-2.267137096774192,0
16.0,1.6622983870967687,2.267137096774192,1
110.0,-0.8497983870967687,-0.07963709677419217,1
-110.0,0.8497983870967687,0.07963709677419217,0
91.0,-1.1026392961876752,-3.4574780058650987,1
-91.0,1.1026392961876752,3.4574780058650987,0
40.0,1.5397849462365656,1.2182795698924735,1
-40.0,-1.5397849462365656,-1.2182795698924735,0
126.0,-3.4193548387096655,-2.483870967741936,1
-126.0,3.4193548387096655,2.483870967741936,0
80.0,-1.8721198156681993,-1.941244239631331,1
-80.0,1.8721198156681993,1.941244239631331,0
69.0,1.9579667644183871,1.9667644183773234,1
-69.0,-1.9579667644183871,-1.9667644183773234,0
149.0,0.9939516129032313,-3.673387096774192,1
-149.0,-0.9939516129032313,3.673387096774192,0
124.0,0.564027370478982,-0.39687194525903635,1
-124.0,-0.564027370478982,0.39687194525903635,0
223.0,1.4731182795699027,1.2849462365591364,1
-223.0,-1.4731182795699027,-1.2849462365591364,0
254.0,-1.5935483870967744,-1.0483870967741922,1
-254.0,1.5935483870967744,1.0483870967741922,0
79.0,-3.0909090909090935,-3.030303030303031,1
-79.0,3.0909090909090935,3.030303030303031,0
45.0,-2.6121212121212096,-2.1454545454545553,1
-45.0,2.6121212121212096,2.1454545454545553,0
18.0,-2.969696969696969,-1.9696969696969688,1
-18.0,2.969696969696969,1.9696969696969688,0
54.0,-4.107954545454547,-4.805871212121218,1
-54.0,4.107954545454547,4.805871212121218,0
134.0,1.5616883116883145,1.7164502164502125,1
-134.0,-1.5616883116883145,-1.7164502164502125,0
51.0,-3.0142045454545467,-3.930871212121218,1
-51.0,3.0142045454545467,3.930871212121218,0
177.0,-2.2017045454545467,-1.7433712121212182,1
-177.0,2.2017045454545467,1.7433712121212182,0
158.0,-2.4545454545454533,-5.121212121212125,1
-158.0,2.4545454545454533,5.121212121212125,0
107.0,0.18787878787878753,-0.44545454545455243,1
-107.0,-0.18787878787878753,0.44545454545455243,0
193.0,-4.7712609970674436,-4.147605083088962,1
-193.0,4.7712609970674436,4.147605083088962,0
147.0,-3.2240259740259773,-3.604978354978357,1
-147.0,3.2240259740259773,3.604978354978357,0
136.0,0.6060606060606091,0.30303030303029743,1
-136.0,-0.6060606060606091,-0.30303030303029743,0
216.0,-0.35795454545454675,-5.337121212121218,1
-216.0,0.35795454545454675,5.337121212121218,0
191.0,-0.7878787878787961,-2.0606060606060623,1
-191.0,0.7878787878787961,2.0606060606060623,0
290.0,0.12121212121212466,-0.37878787878788955,1
-290.0,-0.12121212121212466,0.37878787878788955,0
321.0,-2.9454545454545524,-2.712121212121218,1
-321.0,2.9454545454545524,2.712121212121218,0
-34.0,0.47878787878788387,0.8848484848484759,0
34.0,-0.47878787878788387,-0.8848484848484759,1
-61.0,0.12121212121212466,1.0606060606060623,0
61.0,-0.12121212121212466,-1.0606060606060623,1
-25.0,-1.0170454545454533,-1.775568181818187,0
25.0,1.0170454545454533,1.775568181818187,1
55.0,4.652597402597408,4.746753246753244,1
-55.0,-4.652597402597408,-4.746753246753244,0
-28.0,0.07670454545454675,-0.900568181818187,0
28.0,-0.07670454545454675,0.900568181818187,1
98.0,0.8892045454545467,1.286931818181813,1
-98.0,-0.8892045454545467,-1.286931818181813,0
79.0,0.6363636363636402,-2.0909090909090935,1
-79.0,-0.6363636363636402,2.0909090909090935,0
28.0,3.278787878787881,2.5848484848484787,1
-28.0,-3.278787878787881,-2.5848484848484787,0
114.0,-1.68035190615835,-1.1173020527859308,1
-114.0,1.68035190615835,1.1173020527859308,0
68.0,-0.13311688311688386,-0.5746753246753258,1
-68.0,0.13311688311688386,0.5746753246753258,0
57.0,3.6969696969697026,3.3333333333333286,1
-57.0,-3.6969696969697026,-3.3333333333333286,0
137.0,2.7329545454545467,-2.306818181818187,1
-137.0,-2.7329545454545467,2.306818181818187,0
112.0,2.3030303030302974,0.9696969696969688,1
-112.0,-2.3030303030302974,-0.9696969696969688,0
211.0,3.212121212121218,2.6515151515151416,1
-211.0,-3.212121212121218,-2.6515151515151416,0
242.0,0.14545454545454106,0.318181818181813,1
-242.0,-0.14545454545454106,-0.318181818181813,0
-27.0,-0.3575757575757592,0.17575757575758644,0
27.0,0.3575757575757592,-0.17575757575758644,1
9.0,-1.4958333333333371,-2.660416666666663,1
-9.0,1.4958333333333371,2.660416666666663,0
89.0,4.173809523809524,3.8619047619047677,1
-89.0,-4.173809523809524,-3.8619047619047677,0
6.0,-0.4020833333333371,-1.7854166666666629,1
-6.0,0.4020833333333371,1.7854166666666629,0
132.0,0.4104166666666629,0.4020833333333371,1
-132.0,-0.4104166666666629,-0.4020833333333371,0
113.0,0.15757575757575637,-2.9757575757575694,1
-113.0,-0.15757575757575637,2.9757575757575694,0
62.0,2.799999999999997,1.7000000000000028,1
-62.0,-2.799999999999997,-1.7000000000000028,0
148.0,-2.159139784946234,-2.0021505376344066,1
-148.0,2.159139784946234,2.0021505376344066,0
102.0,-0.6119047619047677,-1.4595238095238017,1
-102.0,0.6119047619047677,1.4595238095238017,0
91.0,3.2181818181818187,2.4484848484848527,1
-91.0,-3.2181818181818187,-2.4484848484848527,0
171.0,2.254166666666663,-3.191666666666663,1
-171.0,-2.254166666666663,3.191666666666663,0
146.0,1.8242424242424136,0.08484848484849294,1
-146.0,-1.8242424242424136,-0.08484848484849294,0
245.0,2.7333333333333343,1.7666666666666657,1
-245.0,-2.7333333333333343,-1.7666666666666657,0
276.0,-0.3333333333333428,-0.5666666666666629,1
-276.0,0.3333333333333428,0.5666666666666629,0
36.0,-1.138257575757578,-2.8361742424242493,1
-36.0,1.138257575757578,2.8361742424242493,0
116.0,4.531385281385283,3.6861471861471813,1
-116.0,-4.531385281385283,-3.6861471861471813,0
33.0,-0.04450757575757791,-1.9611742424242493,1
-33.0,0.04450757575757791,1.9611742424242493,0
159.0,0.7679924242424221,0.22632575757575069,1
-159.0,-0.7679924242424221,-0.22632575757575069,0
140.0,0.5151515151515156,-3.151515151515156,1
-140.0,-0.5151515151515156,3.151515151515156,0
89.0,3.1575757575757564,1.5242424242424164,1
-89.0,-3.1575757575757564,-1.5242424242424164,0
175.0,-1.8015640273704747,-2.177908113391993,1
-175.0,1.8015640273704747,2.177908113391993,0
129.0,-0.2543290043290085,-1.6352813852813881,1
-129.0,0.2543290043290085,1.6352813852813881,0
118.0,3.575757575757578,2.2727272727272663,1
-118.0,-3.575757575757578,-2.2727272727272663,0
198.0,2.611742424242422,-3.3674242424242493,1
-198.0,-2.611742424242422,3.3674242424242493,0
173.0,2.1818181818181728,-0.09090909090909349,1
-173.0,-2.1818181818181728,0.09090909090909349,0
272.0,3.0909090909090935,1.5909090909090793,1
-272.0,-3.0909090909090935,-1.5909090909090793,0
303.0,0.024242424242416405,-0.7424242424242493,1
-303.0,-0.024242424242416405,0.7424242424242493,0
80.0,5.669642857142861,6.522321428571431,1
-80.0,-5.669642857142861,-6.522321428571431,0
-3.0,1.09375,0.875,0
3.0,-1.09375,-0.875,1
123.0,1.90625,3.0625,1
-123.0,-1.90625,-3.0625,0
104.0,1.6534090909090935,-0.3153409090909065,1
-104.0,-1.6534090909090935,0.3153409090909065,0
53.0,4.295833333333334,4.360416666666666,1
-53.0,-4.295833333333334,-4.360416666666666,0
139.0,-0.6633064516128968,0.6582661290322562,1
-139.0,0.6633064516128968,-0.6582661290322562,0
93.0,0.8839285714285694,1.2008928571428612,1
-93.0,-0.8839285714285694,-1.2008928571428612,0
82.0,4.714015151515156,5.108901515151516,1
-82.0,-4.714015151515156,-5.108901515151516,0
162.0,3.75,-0.53125,1
-162.0,-3.75,0.53125,0
137.0,3.3200757575757507,2.745265151515156,1
-137.0,-3.3200757575757507,-2.745265151515156,0
236.0,4.229166666666671,4.427083333333329,1
-236.0,-4.229166666666671,-4.427083333333329,0
267.0,1.1624999999999943,2.09375,1
-267.0,-1.1624999999999943,-2.09375,0
-83.0,-4.575892857142861,-5.647321428571431,0
83.0,4.575892857142861,5.647321428571431,1
43.0,-3.763392857142861,-3.4598214285714306,1
-43.0,3.763392857142861,3.4598214285714306,0
24.0,-4.016233766233768,-6.837662337662337,1
-24.0,4.016233766233768,6.837662337662337,0
-27.0,-1.373809523809527,-2.161904761904765,0
27.0,1.373809523809527,2.161904761904765,1
59.0,-6.332949308755758,-5.864055299539174,1
-59.0,6.332949308755758,5.864055299539174,0
13.0,-4.785714285714292,-5.321428571428569,1
-13.0,4.785714285714292,5.321428571428569,0
2.0,-0.9556277056277054,-1.413419913419915,1
-2.0,0.9556277056277054,1.413419913419915,0
82.0,-1.9196428571428612,-7.053571428571431,1
-82.0,1.9196428571428612,7.053571428571431,0
57.0,-2.3495670995671105,-3.777056277056275,1
-57.0,2.3495670995671105,3.777056277056275,0
156.0,-1.4404761904761898,-2.095238095238102,1
-156.0,1.4404761904761898,2.095238095238102,0
187.0,-4.507142857142867,-4.428571428571431,1
-187.0,4.507142857142867,4.428571428571431,0
126.0,0.8125,2.1875,1
-126.0,-0.8125,-2.1875,0
107.0,0.5596590909090935,-1.1903409090909065,1
-107.0,-0.5596590909090935,1.1903409090909065,0
56.0,3.2020833333333343,3.4854166666666657,1
-56.0,-3.2020833333333343,-3.4854166666666657,0
142.0,-1.7570564516128968,-0.21673387096774377,1
-142.0,1.7570564516128968,0.21673387096774377,0
96.0,-0.2098214285714306,0.3258928571428612,1
-96.0,0.2098214285714306,-0.3258928571428612,0
85.0,3.620265151515156,4.233901515151516,1
-85.0,-3.620265151515156,-4.233901515151516,0
165.0,2.65625,-1.40625,1
-165.0,-2.65625,1.40625,0
140.0,2.2263257575757507,1.8702651515151558,1
-140.0,-2.2263257575757507,-1.8702651515151558,0
239.0,3.1354166666666714,3.5520833333333286,1
-239.0,-3.1354166666666714,-3.5520833333333286,0
270.0,0.06874999999999432,1.21875,1
-270.0,-0.06874999999999432,-1.21875,0
-19.0,-0.2528409090909065,-3.3778409090909065,0
19.0,0.2528409090909065,3.3778409090909065,1
-70.0,2.3895833333333343,1.2979166666666657,0
70.0,-2.3895833333333343,-1.2979166666666657,1
16.0,-2.569556451612897,-2.4042338709677438,1
-16.0,2.569556451612897,2.4042338709677438,0
-30.0,-1.0223214285714306,-1.8616071428571388,0
30.0,1.0223214285714306,1.8616071428571388,1
-41.0,2.807765151515156,2.0464015151515156,0
41.0,-2.807765151515156,-2.0464015151515156,1
39.0,1.84375,-3.59375,1
-39.0,-1.84375,3.59375,0
14.0,1.4138257575757507,-0.3172348484848442,1
-14.0,-1.4138257575757507,0.3172348484848442,0
113.0,2.3229166666666714,1.3645833333333286,1
-113.0,-2.3229166666666714,-1.3645833333333286,0
144.0,-0.7437500000000057,-0.96875,1
-144.0,0.7437500000000057,0.96875,0
-51.0,2.642424242424241,4.675757575757572,0
51.0,-2.642424242424241,-4.675757575757572,1
35.0,-2.3167155425219903,0.9736070381231627,1
-35.0,2.3167155425219903,-0.9736070381231627,0
-11.0,-0.7694805194805241,1.5162337662337677,0
11.0,0.7694805194805241,-1.5162337662337677,1
-22.0,3.0606060606060623,5.424242424242422,0
22.0,-3.0606060606060623,-5.424242424242422,1
58.0,2.0965909090909065,-0.2159090909090935,1
-58.0,-2.0965909090909065,0.2159090909090935,0
33.0,1.6666666666666572,3.0606060606060623,1
-33.0,-1.6666666666666572,-3.0606060606060623,0
132.0,2.575757575757578,4.742424242424235,1
-132.0,-2.575757575757578,-4.742424242424235,0
163.0,-0.4909090909090992,2.4090909090909065,1
-163.0,0.4909090909090992,-2.4090909090909065,0
86.0,-4.959139784946231,-3.7021505376344095,1
-86.0,4.959139784946231,3.7021505376344095,0
40.0,-3.411904761904765,-3.1595238095238045,1
-40.0,3.411904761904765,3.1595238095238045,0
29.0,0.41818181818182154,0.7484848484848499,1
-29.0,-0.41818181818182154,-0.7484848484848499,0
109.0,-0.5458333333333343,-4.891666666666666,1
-109.0,0.5458333333333343,4.891666666666666,0
84.0,-0.9757575757575836,-1.61515151515151,1
-84.0,0.9757575757575836,1.61515151515151,0
183.0,-0.06666666666666288,0.06666666666666288,1
-183.0,0.06666666666666288,-0.06666666666666288,0
214.0,-3.13333333333334,-2.2666666666666657,1
-214.0,3.13333333333334,2.2666666666666657,0
-46.0,1.5472350230414662,0.542626728110605,0
46.0,-1.5472350230414662,-0.542626728110605,1
-57.0,5.377321603128053,4.450635386119259,0
57.0,-5.377321603128053,-4.450635386119259,1
23.0,4.413306451612897,-1.1895161290322562,1
-23.0,-4.413306451612897,1.1895161290322562,0
-2.0,3.9833822091886475,2.0869990224828996,0
2.0,-3.9833822091886475,-2.0869990224828996,1
97.0,4.892473118279568,3.7688172043010724,1
-97.0,-4.892473118279568,-3.7688172043010724,0
128.0,1.8258064516128911,1.4354838709677438,1
-128.0,-1.8258064516128911,-1.4354838709677438,0
-11.0,3.8300865800865864,3.9080086580086544,0
11.0,-3.8300865800865864,-3.9080086580086544,1
69.0,2.8660714285714306,-1.7321428571428612,1
-69.0,-2.8660714285714306,1.7321428571428612,0
44.0,2.4361471861471813,1.5443722943722946,1
-44.0,-2.4361471861471813,-1.5443722943722946,0
143.0,3.345238095238102,3.2261904761904674,1
-143.0,-3.345238095238102,-3.2261904761904674,0
174.0,0.2785714285714249,0.8928571428571388,1
-174.0,-0.2785714285714249,-0.8928571428571388,0
80.0,-0.9640151515151558,-5.640151515151516,1
-80.0,0.9640151515151558,5.640151515151516,0
55.0,-1.3939393939394051,-2.3636363636363598,1
-55.0,1.3939393939394051,2.3636363636363598,0
154.0,-0.4848484848484844,-0.681818181818187,1
-154.0,0.4848484848484844,0.681818181818187,0
185.0,-3.5515151515151615,-3.0151515151515156,1
-185.0,3.5515151515151615,3.0151515151515156,0
-25.0,-0.4299242424242493,3.276515151515156,0
25.0,0.4299242424242493,-3.276515151515156,1
74.0,0.4791666666666714,4.958333333333329,1
-74.0,-0.4791666666666714,-4.958333333333329,0
105.0,-2.5875000000000057,2.625,1
-105.0,2.5875000000000057,-2.625,0
99.0,0.9090909090909207,1.6818181818181728,1
-99.0,-0.9090909090909207,-1.6818181818181728,0
130.0,-2.1575757575757564,-0.6515151515151558,1
-130.0,2.1575757575757564,0.6515151515151558,0
31.0,-3.066666666666677,-2.3333333333333286,1
-31.0,3.066666666666677,2.3333333333333286,0
